Workbook

Sheet final_dataset
A1: Price | B1: GBPUSD | C1: DXY | D1: Gold_Price | E1: SP500
A2: Ticker | B2: GBPUSD=X | C2: DX-Y.NYB | D2: GC=F | E2: ^GSPC | G2: DAULY RETRUNS | M2: STATISTICAL CALCULATIONS
A3: Date | G3: GBPUSD Return | H3: DXY Return | I3: Gold Return | J3: SP500 Return | N3: Mean | O3: Median | P3: Std. Dev. | Q3: Min. | R3: Max.
A4: 44197 | B4: 1.3673007 | C4: 89.879997 | D4: 1944.7 | E4: 3700.6499 | M4: GBPUSD | N4: =AVERAGE(B4:B914) -> 1.282849 | O4: =MEDIAN(B4:B914) -> 1.2685204 | P4: =_xlfn.STDEV.S(B4:B914) -> 0.074736729 | Q4: =MIN(B4:B914) -> 1.0727541 | R4: =MAX(B4:B914) -> 1.4226775
A5: 44200 | B5: 1.3684196 | C5: 89.879997 | D5: 1944.7 | E5: 3700.6499 | G5: =((B5-B4)/B4) -> 0.00081832647 | H5: =((C5-C4)/C4) -> 0 | I5: =((D5-D4)/D4) -> 0 | J5: =((E5-E4)/E4) -> 0 | M5: DXY | N5: =AVERAGE(C4:C914) -> 100.59471 | O5: =MEDIAN(C4:C914) -> 102.54 | P5: =_xlfn.STDEV.S(C4:C914) -> 6.0081634 | Q5: =MIN(C4:C914) -> 89.440002 | R5: =MAX(C4:C914) -> 114.11
A6: 44201 | B6: 1.3571596 | C6: 89.440002 | D6: 1952.7 | E6: 3726.8601 | G6: =((B6-B5)/B5) -> -0.0082284939 | H6: =((C6-C5)/C5) -> -0.0048953585 | I6: =((D6-D5)/D5) -> 0.0041137452 | J6: =((E6-E5)/E5) -> 0.0070825952 | M6: Gold Price | N6: =AVERAGE(D4:D914) -> 1898.2619 | O6: =MEDIAN(D4:D914) -> 1860.4 | P6: =_xlfn.STDEV.S(D4:D914) -> 163.00574 | Q6: =MIN(D4:D914) -> 1623.3 | R6: =MAX(D4:D914) -> 2433.8999
A7: 44202 | B7: 1.362955 | C7: 89.529999 | D7: 1906.9 | E7: 3748.1399 | G7: =((B7-B6)/B6) -> 0.0042702123 | H7: =((C7-C6)/C6) -> 0.0010062202 | I7: =((D7-D6)/D6) -> -0.023454667 | J7: =((E7-E6)/E6) -> 0.0057098427 | M7: SP500 | N7: =AVERAGE(E4:E914) -> 4346.8306 | O7: =MEDIAN(E4:E914) -> 4306.2598 | P7: =_xlfn.STDEV.S(E4:E914) -> 419.03267 | Q7: =MIN(E4:E914) -> 3577.03 | R7: =MAX(E4:E914) -> 5487.0298
A8: 44203 | B8: 1.3625277 | C8: 89.830002 | D8: 1912.3 | E8: 3803.79 | G8: =((B8-B7)/B7) -> -0.00031347044 | H8: =((C8-C7)/C7) -> 0.0033508663 | I8: =((D8-D7)/D7) -> 0.002831834 | J8: =((E8-E7)/E7) -> 0.014847404
A9: 44204 | B9: 1.3569626 | C9: 90.099998 | D9: 1834.1 | E9: 3824.6799 | G9: =((B9-B8)/B8) -> -0.0040844427 | H9: =((C9-C8)/C8) -> 0.00300564 | I9: =((D9-D8)/D8) -> -0.040893203 | J9: =((E9-E8)/E8) -> 0.0054918627
A10: 44207 | B10: 1.3516253 | C10: 90.540001 | D10: 1849.6 | E10: 3799.6101 | G10: =((B10-B9)/B9) -> -0.0039332244 | H10: =((C10-C9)/C9) -> 0.00488349 | I10: =((D10-D9)/D9) -> 0.0084510115 | J10: =((E10-E9)/E9) -> -0.0065547509
A11: 44208 | B11: 1.3524114 | C11: 90.050003 | D11: 1842.9 | E11: 3801.1899 | G11: =((B11-B10)/B10) -> 0.00058157097 | H11: =((C11-C10)/C10) -> -0.005411949 | I11: =((D11-D10)/D10) -> -0.0036223785 | J11: =((E11-E10)/E10) -> 0.00041578845
A12: 44209 | B12: 1.367054 | C12: 90.32 | D12: 1853.6 | E12: 3809.8401 | G12: =((B12-B11)/B11) -> 0.010827028 | H12: =((C12-C11)/C11) -> 0.0029982969 | I12: =((D12-D11)/D11) -> 0.00580604 | J12: =((E12-E11)/E11) -> 0.0022756417
A13: 44210 | B13: 1.3649268 | C13: 90.239998 | D13: 1850.3 | E13: 3795.54 | G13: =((B13-B12)/B12) -> -0.0015560253 | H13: =((C13-C12)/C12) -> -0.00088575987 | I13: =((D13-D12)/D12) -> -0.0017802799 | J13: =((E13-E12)/E12) -> -0.0037534512
A14: 44211 | B14: 1.3683635 | C14: 90.779999 | D14: 1829.3 | E14: 3768.25 | G14: =((B14-B13)/B13) -> 0.0025178527 | H14: =((C14-C13)/C13) -> 0.0059840528 | I14: =((D14-D13)/D13) -> -0.011349511 | J14: =((E14-E13)/E13) -> -0.007190028
A15: 44214 | B15: 1.3575336 | C15: 90.779999 | D15: 1829.3 | E15: 3768.25 | G15: =((B15-B14)/B14) -> -0.0079145092 | H15: =((C15-C14)/C14) -> 0 | I15: =((D15-D14)/D14) -> 0 | J15: =((E15-E14)/E14) -> 0 | M15: CORRELATION ANALYSIS
A16: 44215 | B16: 1.3581237 | C16: 90.5 | D16: 1839.5 | E16: 3798.9099 | G16: =((B16-B15)/B15) -> 0.00043467506 | H16: =((C16-C15)/C15) -> -0.0030843664 | I16: =((D16-D15)/D15) -> 0.0055758765 | J16: =((E16-E15)/E15) -> 0.0081363795 | N16: GBPUSD Return | O16: DXY Return | P16: Gold Return | Q16: SP500 Return
A17: 44216 | B17: 1.3644241 | C17: 90.470001 | D17: 1865.9 | E17: 3851.8501 | G17: =((B17-B16)/B16) -> 0.0046390837 | H17: =((C17-C16)/C16) -> -0.00033147822 | I17: =((D17-D16)/D16) -> 0.014351739 | J17: =((E17-E16)/E16) -> 0.013935625 | M17: GBPUSD Return | N17: 1
A18: 44217 | B18: 1.3668485 | C18: 90.129997 | D18: 1865.3 | E18: 3853.0701 | G18: =((B18-B17)/B17) -> 0.0017768371 | H18: =((C18-C17)/C17) -> -0.0037581957 | I18: =((D18-D17)/D17) -> -0.00032154755 | J18: =((E18-E17)/E17) -> 0.00031672331 | M18: DXY Return | N18: -0.071800263 | O18: 1
A19: 44218 | B19: 1.3729475 | C19: 90.239998 | D19: 1855.7 | E19: 3841.47 | G19: =((B19-B18)/B18) -> 0.0044620789 | H19: =((C19-C18)/C18) -> 0.0012204661 | I19: =((D19-D18)/D18) -> -0.0051466774 | J19: =((E19-E18)/E18) -> -0.0030106117 | M19: Gold Return | N19: 0.07471872 | O19: -0.44797867 | P19: 1
A20: 44221 | B20: 1.3688204 | C20: 90.389999 | D20: 1854.9 | E20: 3855.3601 | G20: =((B20-B19)/B19) -> -0.0030059603 | H20: =((C20-C19)/C19) -> 0.001662251 | I20: =((D20-D19)/D19) -> -0.00043106471 | J20: =((E20-E19)/E19) -> 0.0036158389 | M20: SP500 Return | N20: -0.014270089 | O20: -0.38395664 | P20: 0.082215174 | Q20: 1
A21: 44222 | B21: 1.3678993 | C21: 90.169998 | D21: 1850.7 | E21: 3849.6201 | G21: =((B21-B20)/B20) -> -0.0006729372 | H21: =((C21-C20)/C20) -> -0.0024339111 | I21: =((D21-D20)/D20) -> -0.0022643125 | J21: =((E21-E20)/E20) -> -0.0014888337
A22: 44223 | B22: 1.3741548 | C22: 90.650002 | D22: 1844.9 | E22: 3750.77 | G22: =((B22-B21)/B21) -> 0.004573076 | H22: =((C22-C21)/C21) -> 0.0053233156 | I22: =((D22-D21)/D21) -> -0.0031339098 | J22: =((E22-E21)/E21) -> -0.025677884
A23: 44224 | B23: 1.3669419 | C23: 90.459999 | D23: 1837.9 | E23: 3787.3799 | G23: =((B23-B22)/B22) -> -0.0052489554 | H23: =((C23-C22)/C22) -> -0.0020960004 | I23: =((D23-D22)/D22) -> -0.0037942435 | J23: =((E23-E22)/E22) -> 0.009760626
A24: 44225 | B24: 1.3725009 | C24: 90.580002 | D24: 1847.3 | E24: 3714.24 | G24: =((B24-B23)/B23) -> 0.0040667182 | H24: =((C24-C23)/C23) -> 0.0013265835 | I24: =((D24-D23)/D23) -> 0.0051145461 | J24: =((E24-E23)/E23) -> -0.019311475
A25: 44228 | B25: 1.3697691 | C25: 91.019997 | D25: 1860.8 | E25: 3773.8601 | G25: =((B25-B24)/B24) -> -0.0019903813 | H25: =((C25-C24)/C24) -> 0.0048575271 | I25: =((D25-D24)/D24) -> 0.0073079628 | J25: =((E25-E24)/E24) -> 0.016051768
A26: 44229 | B26: 1.3678768 | C26: 91.199997 | D26: 1830.5 | E26: 3826.3101 | G26: =((B26-B25)/B25) -> -0.0013814943 | H26: =((C26-C25)/C25) -> 0.0019775908 | I26: =((D26-D25)/D25) -> -0.016283345 | J26: =((E26-E25)/E25) -> 0.013898223
A27: 44230 | B27: 1.3659337 | C27: 91.120003 | D27: 1832.2 | E27: 3830.1699 | G27: =((B27-B26)/B26) -> -0.001420531 | H27: =((C27-C26)/C26) -> -0.00087712943 | I27: =((D27-D26)/D26) -> 0.00092868133 | J27: =((E27-E26)/E26) -> 0.0010087691
A28: 44231 | B28: 1.3649082 | C28: 91.529999 | D28: 1788.9 | E28: 3871.74 | G28: =((B28-B27)/B27) -> -0.00075072336 | H28: =((C28-C27)/C27) -> 0.0044995173 | I28: =((D28-D27)/D27) -> -0.023632752 | J28: =((E28-E27)/E27) -> 0.010853322
A29: 44232 | B29: 1.3676149 | C29: 91.040001 | D29: 1810.9 | E29: 3886.8301 | G29: =((B29-B28)/B28) -> 0.0019830249 | H29: =((C29-C28)/C28) -> -0.0053534128 | I29: =((D29-D28)/D28) -> 0.01229806 | J29: =((E29-E28)/E28) -> 0.0038974952
A30: 44235 | B30: 1.3738717 | C30: 90.93 | D30: 1831.9 | E30: 3915.5901 | G30: =((B30-B29)/B29) -> 0.0045749859 | H30: =((C30-C29)/C29) -> -0.0012082668 | I30: =((D30-D29)/D29) -> 0.011596444 | J30: =((E30-E29)/E29) -> 0.0073993484
A31: 44236 | B31: 1.3745704 | C31: 90.440002 | D31: 1835.3 | E31: 3911.23 | G31: =((B31-B30)/B30) -> 0.00050855233 | H31: =((C31-C30)/C30) -> -0.0053887371 | I31: =((D31-D30)/D30) -> 0.0018560098 | J31: =((E31-E30)/E30) -> -0.001113525
A32: 44237 | B32: 1.3817995 | C32: 90.370003 | D32: 1840.6 | E32: 3909.8799 | G32: =((B32-B31)/B31) -> 0.0052591631 | H32: =((C32-C31)/C31) -> -0.00077399041 | I32: =((D32-D31)/D31) -> 0.0028877713 | J32: =((E32-E31)/E31) -> -0.00034518493
... A914: 45471 | B914: 1.2645742 | C914: 105.87 | D914: 2327.7 | E914: 5460.48 | G914: =((B914-B913)/B913) -> 0.0018968764 | H914: =((C914-C913)/C913) -> -0.00037768779 | I914: =((D914-D913)/D913) -> 0.0013766191 | J914: =((E914-E913)/E913) -> -0.0040836526

Sheet charts

Sheet EDA
A1: EXPLORATORY DATA ANALYSIS
A2: STATISTICAL CALCULATIONS
B3: Mean | C3: Median | D3: Std. Dev. | E3: Min. | F3: Max.
A4: GBPUSD | B4: =AVERAGE(final_dataset!N4) -> 1.282849 | C4: =AVERAGE(final_dataset!O4) -> 1.2685204 | D4: =AVERAGE(final_dataset!P4) -> 0.074736729 | E4: =AVERAGE(final_dataset!Q4) -> 1.0727541 | F4: =AVERAGE(final_dataset!R4) -> 1.4226775
A5: DXY | B5: =AVERAGE(final_dataset!N5) -> 100.59471 | C5: =AVERAGE(final_dataset!O5) -> 102.54 | D5: =AVERAGE(final_dataset!P5) -> 6.0081634 | E5: =AVERAGE(final_dataset!Q5) -> 89.440002 | F5: =AVERAGE(final_dataset!R5) -> 114.11
A6: Gold Price | B6: =AVERAGE(final_dataset!N6) -> 1898.2619 | C6: =AVERAGE(final_dataset!O6) -> 1860.4 | D6: =AVERAGE(final_dataset!P6) -> 163.00574 | E6: =AVERAGE(final_dataset!Q6) -> 1623.3 | F6: =AVERAGE(final_dataset!R6) -> 2433.8999
A7: SP500 | B7: =AVERAGE(final_dataset!N7) -> 4346.8306 | C7: =AVERAGE(final_dataset!O7) -> 4306.2598 | D7: =AVERAGE(final_dataset!P7) -> 419.03267 | E7: =AVERAGE(final_dataset!Q7) -> 3577.03 | F7: =AVERAGE(final_dataset!R7) -> 5487.0298
A9: INSIGHTS
A10: The exploratory analysis reveals several interesting patterns in the daily returns of GBPUSD and its key explanatory variables. GBPUSD exhibits moderate volatility with a standard deviation of 0.0747, highlighting the day-to-day fluctuations typical for a major currency pair. The DXY index averages 100.59 with notable variability, and its strong negative correlation with GBPUSD indicates that a stronger US Dollar generally coincides with GBP depreciation. Gold prices show high variability (std dev 163.01) but only a weak correlation with GBPUSD, suggesting limited short-term influence on the currency. Meanwhile, SP500 returns are substantially volatile (std dev 419.03) and show a mild positive relationship with GBPUSD, hinting at potential indirect links between equity performance and currency movements. Importantly, no multicollinearity issues are observed, confirming that these explanatory variables are suitable for inclusion in predictive modeling. Overall, these patterns provide a clear picture of how macroeconomic and market variables interact with GBPUSD returns, giving confidence in their selection for further analysis.
